[
{
  "model": "webapp.article",
  "pk": 2,
  "fields": {
    "title": "Title",
    "text": "Lorem ipsum dolore",
    "author": "John",
    "created_at": "2023-02-10T14:14:22.285Z",
    "updated_at": "2023-02-10T14:14:22.285Z"
  }
},
{
  "model": "webapp.article",
  "pk": 3,
  "fields": {
    "title": "title2",
    "text": "Text_2",
    "author": "Jane",
    "created_at": "2023-02-10T14:16:16.700Z",
    "updated_at": "2023-02-10T14:16:16.700Z"
  }
},
{
  "model": "webapp.article",
  "pk": 4,
  "fields": {
    "title": "ddd",
    "text": "fff",
    "author": "ggg",
    "created_at": "2023-02-10T14:45:40.285Z",
    "updated_at": "2023-02-10T14:45:40.285Z"
  }
},
{
  "model": "webapp.article",
  "pk": 5,
  "fields": {
    "title": "Html",
    "text": "Lorem ipsum",
    "author": "Jack",
    "created_at": "2023-02-10T14:54:08.491Z",
    "updated_at": "2023-02-10T14:54:08.491Z"
  }
}
]
